pose,Angulo,Desviacion_estandar,Factor_dev,Desviacion_estandar_f,Articulacion
1,171.15169198282547,2.651508392427128,6,15.909050354562768,right_elbow_angles
1,177.73851124855548,0.8070380758134268,6,4.8422284548805608,right_hip_angles
1,175.49761103831779,1.999707162549236,6,11.998242975295416,right_knee_angles
2,66.2974724319232,8.131911149003042,6,48.791466894018252,right_elbow_angles
2,178.49526081001002,1.6558346030838502,6,9.9350076185031012,right_hip_angles
2,176.49033237933136,1.5146287440579802,6,9.0877724643478812,right_knee_angles
3,171.15169198282547,2.651508392427128,6,15.909050354562768,right_elbow_angles
3,177.73851124855548,0.8070380758134268,6,4.8422284548805608,right_hip_angles
3,175.49761103831779,1.999707162549236,6,11.998242975295416,right_knee_angles
