Pose,Costo_alineamiento,Desviacion_estandar,Factor_dev,Desviacion_estandar_f
1,5.90036933217197,1.26041031719798,3,7.43688638154811
2,15.480635615997,1.76875719517139,3,27.3814856316212
3,6.23725338210351,1.06949647870842,3,6.67072052897189
