Pose,Costo_alineamiento,Desviacion_estandar,Factor_dev,Desviacion_estandar_f
1,10.703823847696183,2.900540824777678,3.5,10.151892886721873
2,20.41201819106936,3.6772043480468946,3,11.0316130441406838
3,10.703823847696183,2.900540824777678,3.5,10.151892886721873
4,16.120859891176224,2.0196927762517856,3,6.0590783287553568
5,10.703823847696183,2.900540824777678,3.5,10.151892886721873
