pose,Angulo,Desviacion_estandar,Factor_dev,Desviacion_estandar_f,Articulacion
1,60.7996817634744,4.70445638946874,3,14.1133691684062,right_shoulder_angles
1,160.559856604245,2.67724979591545,3,8.03174938774635,right_hip_angles
1,149.40361843827,5.18950410009396,3,15.5685123002819,right_ankle_angles
2,85.6724989739398,9.01477973481586,3,27.0443392044476,right_shoulder_angles
2,170.441636105923,6.60163636320791,3,19.8049090896237,right_hip_angles
2,90.4898610730839,6.67946947208592,3,20.0384084162578,right_ankle_angles
3,60.7996817634744,4.70445638946874,3,14.1133691684062,right_shoulder_angles
3,160.559856604245,2.67724979591545,3,8.03174938774635,right_hip_angles
3,149.40361843827,5.18950410009396,3,15.5685123002819,right_ankle_angles
