Pose,Costo_alineamiento,Desviacion_estandar,Factor_dev,Desviacion_estandar_f
1,4.43285181945248,0.311703884706238,3,0.935111654118714
2,8.2981830490753,0.982103359866992,3,2.94631007960098
3,4.43285181945248,0.311703884706238,3,0.935111654118714
