pose,Angulo,Desviacion_estandar,Articulacion
1,175.39328345094464,1.5212940479560133,right_elbow_angles
1,177.6116577667765,1.7465130751995437,right_hip_angles
1,172.16519121220162,2.5328231867835735,right_knee_angles
2,72.33997272442504,9.782643952214197,right_elbow_angles
2,175.95770988052817,2.765799453471975,right_hip_angles
2,174.7188091783368,0.8739181625067582,right_knee_angles
3,175.39328345094464,1.5212940479560133,right_elbow_angles
3,177.6116577667765,1.7465130751995437,right_hip_angles
3,172.16519121220162,2.5328231867835735,right_knee_angles
