Pose,Costo_alineamiento
1,7.78325256932294
2,11.033178148325534
3,7.78325256932294
