Pose,Costo_alineamiento,Desviacion_estandar
1,6.126790024805814,1.656462544517126
2,12.27771497424692,1.2348474824442226
3,6.126790024805814,1.656462544517126
