Pose,Costo_alineamiento
1,4.470327480288688
2,14.04294806678081
3,4.470327480288688
