Pose,Costo_alineamiento
1,4.470327480288688
2,12.27771497424692
3,4.470327480288688
