Pose,Costo_alineamiento,Desviacion_estandar
1,5.900369332,1.260410317
2,15.48063562,1.768757195
3,6.237253382,1.069496479
