pose,Angulo,Desviacion_estandar,Factor_dev,Desviacion_estandar_f,Articulacion
1,30.815705751729197,18.849354574339806,1,18.849354574339806,right_shoulder_angles
1,133.67884084152578,0.6172597708817698,6,3.7035586252906188,right_hip_angles
1,76.96100610717953,10.61337764087705,2,21.2267552817541,right_knee_angles
2,27.328731964063355,19.240629115306795,1,19.240629115306795,right_shoulder_angles
2,111.06950297177687,7.3996569963862395,2,14.799313992772479,right_hip_angles
2,82.9957191351452,10.169422265089612,3,30.508266795268836,right_knee_angles
3,30.815705751729197,18.849354574339806,1,18.849354574339806,right_shoulder_angles
3,133.67884084152578,0.6172597708817698,6,3.7035586252906188,right_hip_angles
3,76.96100610717953,10.61337764087705,2,21.2267552817541,right_knee_angles
