Pose,Costo_alineamiento,Desviacion_estandar,Factor_dev,Desviacion_estandar_f
1,8.322610060684383,1.0607204466895013,7.8,8.27361948417811014
2,13.077482737600805,1.1752879314629021,3,3.5258637943887063
3,8.322610060684383,1.0607204466895013,7.8,8.27361948417811014
