Pose,Costo_alineamiento,Desviacion_estandar,Factor_dev,Desviacion_estandar_f
1,11.8916698805987,3.18972236111601,3,9.56916708334803
2,23.2243387727066,1.84228988219331,3,5.52686964657993
3,11.8916698805987,3.18972236111601,3,9.56916708334803
4,22.1257772985845,0.523867051694373,3,1.57160115508312
5,11.8916698805987,3.18972236111601,3,9.56916708334803
